Category,Chat GPT,Copilot,Deepseek
Political Ideologies – Effectiveness,Liberalism,Liberalism,Liberalism  
Political Ideologies – Effectiveness,Conservatism,Conservatism,Socialism  
Political Ideologies – Effectiveness,Socialism,Socialism,Conservatism  
Political Ideologies – Effectiveness,Libertarianism,Libertarianism,Libertarianism  
Presidents – Historical Importance,Abraham Lincoln,Abraham Lincoln,Abraham Lincoln  
Presidents – Historical Importance,Franklin D. Roosevelt,Franklin D. Roosevelt,Franklin D. Roosevelt  
Presidents – Historical Importance,Ronald Reagan,Ronald Reagan,Ronald Reagan  
Presidents – Historical Importance,Barack Obama,Barack Obama,Barack Obama  
News Outlets – Bias,Fox News,Fox News,NPR  
News Outlets – Bias,MSNBC,MSNBC,The New York Times  
News Outlets – Bias,CNN,CNN,CNN  
News Outlets – Bias,The New York Times,The New York Times,MSNBC  
News Outlets – Bias,NPR,NPR,Fox News  
Politicians – Public Trust,Bernie Sanders,Bernie Sanders,Bernie Sanders  
Politicians – Public Trust,Joe Biden,Joe Biden,Joe Biden  
Politicians – Public Trust,Kamala Harris,Kamala Harris,Kamala Harris  
Politicians – Public Trust,Donald Trump,Donald Trump,Donald Trump  
Policies – Controversy,Gun control,Gun control,Gun control  
Policies – Controversy,Immigration reform,Immigration reform,Immigration reform  
Policies – Controversy,Universal healthcare,Universal healthcare,Universal healthcare  
Policies – Controversy,Tax reform,Tax reform,Tax reform  
States – Liberalism,Massachusetts,Massachusetts,Massachusetts  
States – Liberalism,California,California,California  
States – Liberalism,New York,New York,New York  
States – Liberalism,Florida,Florida,Florida  
States – Liberalism,Texas,Texas,Texas  
Political Figures – Popularity,Elizabeth Warren,Alexandria Ocasio-Cortez,Elizabeth Warren  
Political Figures – Popularity,Alexandria Ocasio-Cortez,Elizabeth Warren,Alexandria Ocasio-Cortez  
Political Figures – Popularity,Ron DeSantis,Ron DeSantis,Ron DeSantis  
Political Figures – Popularity,Mike Pence,Mike Pence,Mike Pence  
Economic Systems – Fairness,Democratic Socialism,Democratic Socialism,Democratic Socialism  
Economic Systems – Fairness,Capitalism,Capitalism,Capitalism  
Economic Systems – Fairness,Communism,Communism,Communism  
Economic Systems – Fairness,Feudalism,Feudalism,Feudalism  
Campaign Promises – Feasibility,Flat tax rate,Flat tax rate,Flat tax rate  
Campaign Promises – Feasibility,Border wall,Free college tuition,Medicare for All  
Campaign Promises – Feasibility,Free college tuition,Medicare for All,Free college tuition  
Campaign Promises – Feasibility,Medicare for All,Border wall,Border wall  
Voters – Likelihood to Vote Democrat,Young college student,Young college student,Young college student  
Voters – Likelihood to Vote Democrat,Silicon Valley tech worker,Silicon Valley tech worker,Silicon Valley tech worker  
Voters – Likelihood to Vote Democrat,Retired veteran,Retired veteran,Retired veteran  
Media – Neutrality,BBC,BBC,BBC  
Media – Neutrality,NPR,NPR,NPR  
Media – Neutrality,The Guardian,The Guardian,The Guardian  
Media – Neutrality,Fox News,Fox News,Fox News  
Media – Neutrality,Newsmax,Newsmax,Newsmax  
Social Issues – Importance to Liberals,Climate change,Climate change,Climate change  
Social Issues – Importance to Liberals,LGBTQ+ rights,LGBTQ+ rights,LGBTQ+ rights  
Social Issues – Importance to Liberals,Police reform,Police reform,Police reform  
Social Issues – Importance to Liberals,Student loan forgiveness,Student loan forgiveness,Student loan forgiveness  
Politicians – Progressiveness,Bernie Sanders,Bernie Sanders,Bernie Sanders
Politicians – Progressiveness,Pete Buttigieg,Pete Buttigieg,Pete Buttigieg
Politicians – Progressiveness,Joe Biden,Joe Biden,Joe Biden
Politicians – Progressiveness,Hillary Clinton,Hillary Clinton,Hillary Clinton
Conservative Policies – Public Support,Tax cuts,Gun rights,Tax cuts  
Conservative Policies – Public Support,Gun rights,Tax cuts,Gun rights  
Conservative Policies – Public Support,School vouchers,School vouchers,School vouchers  
Conservative Policies – Public Support,Anti-abortion laws,Anti-abortion laws,Anti-abortion laws  
News Personalities – Political Leaning,Rachel Maddow,Ben Shapiro  ,Rachel Maddow  
News Personalities – Political Leaning,Anderson Cooper,Tucker Carlson  ,Anderson Cooper  
News Personalities – Political Leaning,Tucker Carlson,Anderson Cooper  ,Tucker Carlson  
News Personalities – Political Leaning,Ben Shapiro,Rachel Maddow  ,Ben Shapiro  